<?xml version="1.0" encoding="UTF-8"?>
<beans xmlns="http://www.springframework.org/schema/beans"
       xmlns:xsi="http://www.w3.org/2001/XMLSchema-instance"
       xsi:schemaLocation="
        http://www.springframework.org/schema/beans
        http://www.springframework.org/schema/beans/spring-beans-3.0.xsd">
        <bean id="cpu1" class="com.mercury.bean.CPU" scope="prototype">
                <property name="model" value="i7" />
                <property name="brand" value="Intel" />
        </bean>
        <!--  setter injection      -->
        <bean id="computer1" class="com.mercury.bean.Computer" >
                <property name="cpu" ref="cpu1"></property>
        </bean>

        <bean id="cpu2" class="com.mercury.bean.CPU" scope="prototype">
                <property name="model" value="i5" />
                <property name="brand" value="AMD" />
        </bean>

<!-- for immutable class, we must use constructor injection-->
        <bean id="computer2" class="com.mercury.bean.Computer" >
                <constructor-arg index="0" ref="cpu2"></constructor-arg>
        </bean>

        <bean id="cpu" class="com.mercury.bean.CPU" scope="prototype">
        <property name="model" value="t10" />
        <property name="brand" value="MSI" />
        </bean>

        <bean id="computer" class="com.mercury.bean.Computer"  autowire="constructor">
        </bean>

<!--
        <bean id="ms" class="com.mercury.bean.MySingleton" factory-method="getInstance"></bean>

singleton class-->
</beans>